customer_id,full_name,gender,national_id,national_number,date_of_birth,country,address,email,phone_number,created_at
b6931afd-5742-4714-bd8d-c74893650589,Jennifer Collins,female,PASSPORT,907428771881,1983-06-04,Netherlands Antilles,"5189 Thompson Club
Lake Cody, KS 62622",lindseybenson@example.com,899-773-1459x77038,2025-01-08 03:39:01
80656e46-b310-4211-aafd-54d160281f31,Kevin Burke,female,PASSPORT,460559150577,1994-09-28,Tajikistan,"USS Juarez
FPO AP 56906",sabrinagreen@example.com,001-798-566-9838x927,2025-04-16 07:27:25
005f517b-133b-4613-b8e2-862b8276cf91,Shannon Williams,female,CCCD,607616402277,1972-08-01,Gibraltar,"30734 Jensen Parkway
Lambertfurt, DE 03435",robert63@example.org,2056958201,2025-01-26 07:29:29
56034627-2333-45d0-ba58-de8f58dd052d,Jessica Walker,male,PASSPORT,587422203685,1957-03-23,Montserrat,"570 Smith Summit Apt. 776
South Timothyburgh, AZ 30144",terry63@example.com,001-219-354-1094x340,2025-03-31 19:52:44
2149aeff-1177-45c9-a303-95e4ee6b58ae,Charles Keller,female,PASSPORT,707660800168,1976-07-22,French Guiana,"5279 Jacobs Wells Apt. 427
Thomashaven, NV 79745",portertammy@example.net,(496)805-7069x4326,2025-03-21 21:41:54
566e2e6c-ef92-46b3-bdf8-0cbef7b612aa,Ashley Brennan,male,CCCD,648363751042,1989-12-30,Pakistan,"80749 Brittany Neck
North Williamberg, HI 72933",gmorris@example.net,(507)327-0216x71394,2025-03-01 09:13:51
df754c56-9c2e-4041-9f73-8baefba6a349,Ann Anderson,female,CCCD,345576022923,1997-02-17,Guinea-Bissau,"28895 Heather Rue
Besttown, IA 61239",elee@example.org,6432544474,2025-01-26 12:59:01
ead4c102-dc51-44a6-a078-8305bcf46a9b,Laura Diaz,male,CCCD,47229580972,1964-10-22,Singapore,"1792 Dennis Lodge Apt. 685
Port Susan, NC 19763",michelle69@example.net,579.288.4940x73513,2025-05-02 15:12:09
abc07d36-febc-4f48-bf57-91c56f863d23,April Grant,female,CCCD,217551233995,1966-11-24,Estonia,"1059 Mckenzie Point
New Garychester, NH 15910",chapmanashley@example.org,001-757-761-9086,2025-05-17 17:33:07
dfec9e42-3f47-4a0a-9a2e-5b2b11ccabce,Sandra Mercer,male,PASSPORT,502448358840,1962-08-19,Latvia,"259 Scott Plain Apt. 980
Rogersbury, WY 87397",allenmegan@example.org,001-389-254-0658x394,2025-02-06 18:16:08
ddb175ce-8adc-4968-bb5a-705a20a977c6,Jeremy Jones,male,PASSPORT,452941795077,1976-02-13,Chile,"7139 Haney Harbor
Cassandraburgh, FM 12799",frankwagner@example.org,350-744-6267x771,2025-04-06 15:19:51
310026a5-a79d-4586-8af0-75c74954e993,Molly Morrow,female,CCCD,365372068069,1981-11-25,Ukraine,"7275 Gregory Island
New Janetville, FL 27243",samuel00@example.com,(346)489-1852,2025-02-19 03:57:53
1dedeae9-3253-403b-b493-3031c596082f,Danielle Webb,male,CCCD,174375701480,1975-06-01,Saint Barthelemy,"USCGC Garcia
FPO AE 82090",daviseric@example.com,(348)456-9611,2025-05-01 09:30:04
a547db7c-cd25-4987-8772-5aad6ca1c2f5,Kelli Sharp,male,CCCD,956385926544,1979-10-08,American Samoa,"8354 Hernandez Streets
Deniseville, TN 58060",aingram@example.com,(496)913-6157x5713,2025-06-04 23:17:04
6adc23db-2a84-4c32-a3b7-66206926cb7d,Amy Thompson,female,CCCD,85620688599,1988-11-06,Suriname,"3850 Karen Crest
Edwinview, VI 66739",taraturner@example.net,(459)800-5505x341,2025-05-15 08:56:51
43c3fdd9-eb05-486b-ba53-df28133cf900,Anthony Robinson,female,PASSPORT,395655388297,2003-07-28,Kazakhstan,"249 Roberto Village
South Jaime, TN 59144",scott66@example.com,971.300.8496,2025-01-18 04:55:38
b0620588-cd4d-46e0-9d13-6c5a5ea265bd,Mrs. Janet Thomas DDS,female,PASSPORT,358831111669,1973-07-03,Liberia,"052 Russell Trail
Port Courtneyville, CO 41277",reynoldscrystal@example.com,001-612-807-2206x83966,2025-02-20 20:37:19
c21afbc9-838d-43ea-a02b-00202632d40c,Cheyenne Harris,female,PASSPORT,243617762803,2001-11-13,Burundi,"99891 Morgan Fall
Brianland, RI 33895",stevenfarley@example.org,905.615.2630,2025-07-11 20:27:55
6e56f84e-cbc7-40cc-8183-0a9816a8c7df,Mariah Powell,male,PASSPORT,57931138762,1974-01-25,Djibouti,"26001 Walker Radial
South Elizabethmouth, VI 30990",gweber@example.net,(988)851-8410,2025-05-04 08:59:19
a8fa0f6e-763f-45a9-abda-3ef612f0f513,Haley Hodge,female,CCCD,717241064680,2006-01-27,Austria,"803 Stephenson Camp
Thomasmouth, DC 29445",mark80@example.org,824.434.8887x7723,2025-06-18 22:32:06
7aac76b8-769e-414f-9d15-647bb564e36a,Blake Miller,male,CCCD,964127375427,1968-05-19,American Samoa,"Unit 4749 Box 3325
DPO AE 78324",eddiehoffman@example.com,561-449-8638,2025-07-07 15:06:16
4cbbeef9-f8b8-4484-8d12-14f8e8405b56,Christine Miller,male,CCCD,233942191874,1961-09-04,Liechtenstein,"574 Ballard Streets
Lake Jenniferton, MP 59370",webbjoseph@example.net,945.305.1964x9112,2025-02-23 05:04:08
0458e555-0873-4090-a23e-4bdbdefa95f9,Pamela Casey,male,CCCD,799827370745,2005-07-17,Eritrea,"54047 Cook Manors Apt. 936
North Ashley, VI 65054",rhonda48@example.org,+1-478-709-6467x5403,2025-01-13 23:33:03
a9525d95-a036-4955-9451-5bb462de2496,Dakota Bush,female,CCCD,586846267989,1983-09-29,San Marino,"579 Brian Mountain Suite 105
Lake Tylerburgh, PA 43382",priley@example.com,(520)977-0117x394,2025-07-11 10:50:28
006c719d-7f24-4905-bdbc-e473ad856a66,Peggy Chase,male,PASSPORT,510453935278,1954-12-29,France,"55582 Morris Meadows
West Kyleside, MH 95251",davidhughes@example.net,303-322-1293x7180,2025-02-18 23:03:02
229e8682-a469-4d25-a45b-8283a895ce9c,Terri Knight,male,PASSPORT,489431464446,2004-03-29,Sierra Leone,"3928 Karen Mill Suite 014
North Kellystad, WV 19924",shannon37@example.net,(336)715-8063x464,2025-01-16 09:30:47
38c985b6-94f3-446b-96a8-edcf4146c08a,Briana Cherry,male,PASSPORT,296263918722,2001-03-23,French Guiana,"152 Melissa Islands Suite 794
Frazierport, OH 84886",craigross@example.com,+1-520-922-8237x432,2025-04-10 01:07:38
d91b5907-ac5d-46ae-864f-ecf82fc0f764,Jamie Hickman,female,CCCD,896391647351,1975-10-15,Morocco,"730 Lee Plaza
South Kimberly, NY 18510",cschmitt@example.net,601.256.6795x771,2025-03-28 20:33:05
5d8830a5-cfcd-4a12-b6a2-3c4e09a1b2e3,Deborah Hogan,female,CCCD,709664481692,1962-02-19,Barbados,"14313 Katherine Lane
East Bridgetton, AS 89134",douglaswise@example.com,734-382-0265x66786,2025-02-27 21:40:23
d20f44fa-d4c8-4017-a6e9-9f282969a8d0,Regina Galloway,female,CCCD,861690950586,1983-07-03,El Salvador,"13341 Hunt Hills Apt. 769
Royport, MT 04339",cthompson@example.net,001-512-806-6936x630,2025-01-03 01:03:52
fa34ec29-53b1-4ccb-9b09-6343a53ee60c,Alexis Meyer,female,PASSPORT,92289685695,1964-02-07,Peru,"7851 Kelley Fall Apt. 763
Millerville, UT 37460",jessicasalinas@example.net,001-389-991-7094x48400,2025-02-08 09:36:39
a2dfad13-eaf6-4add-80a8-a3ae39da5493,Lori Burns,male,CCCD,664343839320,1983-09-27,Bolivia,"Unit 4025 Box 3800
DPO AA 83116",ramirezrobert@example.com,619.747.2546x6662,2025-04-05 00:55:55
a2e650af-7e11-46bd-9ebd-3e31bbcb7dae,Michael Sims,female,CCCD,99469962857,1988-03-20,Ireland,"608 Garcia Port
Hawkinsberg, CT 21619",camachoeric@example.com,(342)331-5425,2025-01-02 10:58:17
46475567-fd18-480f-afe4-5cb51b0f55fe,David Edwards,male,PASSPORT,813955015802,1997-05-21,Timor-Leste,"07002 Terrance Parkways
East Alicetown, FM 24277",ygeorge@example.org,001-283-671-7416x9767,2025-07-01 12:26:37
4a575c6a-bcd0-4ad8-afcf-bb73f13219a5,Daniel Brooks,female,CCCD,720702672512,1988-08-11,Guernsey,"8962 Lucero Falls Apt. 050
Port Sarah, SC 63209",jacob60@example.org,001-263-522-7774x678,2025-02-17 20:17:00
9d555875-62e3-454e-9d1e-a46fc568816c,Andrea Lee,female,PASSPORT,490333092729,1972-08-31,Bhutan,"USNV Wood
FPO AP 28696",ugoodman@example.com,(688)531-2698x808,2025-03-23 20:18:34
87090aec-9140-49ed-9e4b-cd2efd4e4dad,Dawn Richards,male,CCCD,9727673971,1998-08-04,Burundi,"0351 Elizabeth Station Suite 660
East Veronicafurt, MD 71297",danielwaters@example.com,968.582.8623,2025-01-29 17:46:05
5ea16707-6998-4269-9c08-809af4ce0ba3,David Brown,female,CCCD,300524007218,1961-05-12,Trinidad and Tobago,"79688 Osborn Circle Apt. 504
Smithshire, WV 47195",karenromero@example.net,+1-387-266-1990,2025-02-16 23:28:16
2f2db60e-c0ab-450a-94a8-93a7cd0624c2,Michelle Guerra,female,PASSPORT,362897638159,1976-12-11,Guyana,"Unit 4165 Box 9519
DPO AE 58945",howellteresa@example.net,+1-245-558-6458x533,2025-02-07 07:38:03
7275117f-4500-4777-9dc5-c2bee8b69bca,Victor Hernandez,female,CCCD,953427990303,1967-09-05,Oman,"117 Weeks Ridges Apt. 816
East David, DE 58265",uanderson@example.org,001-208-628-4727x683,2025-05-04 04:33:32
74d5c6a4-0ba2-4e57-aba0-aa0cd928a0e0,Shelly Watson,female,PASSPORT,763459904317,2003-12-11,Suriname,"5132 Robinson Mountain
Williamsonbury, PW 23085",kathleen95@example.net,804-991-8699x11170,2025-05-12 03:52:01
c2b1f6d2-5d72-4bb8-b2ac-cc1b7ca758b8,Benjamin Johnson,male,CCCD,703550501910,1973-07-27,Kenya,"197 Alicia Centers Suite 076
Johnsonhaven, NC 12355",brandon62@example.com,877.341.4825x85501,2025-03-07 00:43:50
4abaadda-a435-4a4d-814d-4fb0ff9da826,David Anderson,female,PASSPORT,246937350073,1971-10-30,Saint Barthelemy,"3502 Wood Passage Suite 238
West Megan, AS 17153",amybaker@example.net,718.657.5532x377,2025-07-03 14:13:42
1ab8e9cd-33bc-46ca-a859-3bad5c06b98e,Kelly Curtis,male,PASSPORT,305780794152,1983-01-31,Iran,"952 Nancy Cliffs Suite 796
Reyesside, NY 05993",fjenkins@example.org,001-693-653-9527,2025-05-21 07:44:53
04e82f63-bca0-4455-b882-12d64d0f0159,Michael Garcia,male,PASSPORT,403983052629,1956-04-28,Antigua and Barbuda,"25062 Megan Alley
East Kristybury, GU 15984",griffinevan@example.com,+1-243-899-0885,2025-01-04 19:51:54
c3b462e0-48ce-4bd5-b1d8-40bd0513abeb,Cynthia Mcmahon,female,CCCD,662615076188,1979-07-28,Saint Vincent and the Grenadines,"3853 Norris Lodge Suite 917
Kristopherbury, ND 48806",vatkins@example.com,+1-817-954-6978,2025-02-27 03:53:23
726eac73-118a-4fe5-a877-379cf0b593b3,Patrick Horne,male,CCCD,260424087925,1981-05-21,Swaziland,"730 Matthew Mountains
East George, ME 50242",larsonchristopher@example.net,486-938-2936,2025-04-25 18:42:12
40ba8c25-d930-460e-87be-b44c3f67218e,Keith Fox,female,PASSPORT,236371283705,1987-09-09,Cocos (Keeling) Islands,"Unit 2577 Box 9208
DPO AA 48533",xsanders@example.org,277-688-0238x390,2025-05-19 22:48:15
0098f971-e266-45b6-91fb-bdd2a349191a,Rhonda Lewis,male,PASSPORT,676989004543,1992-02-08,Montserrat,"749 Joseph Throughway Apt. 795
Mendezside, WA 54751",brian93@example.org,+1-577-594-0166x7039,2025-05-20 06:40:17
4fa080c0-1709-4060-b349-b9ac551ad5e6,Ronald Williamson,female,CCCD,76118656049,1954-11-26,Bahrain,"841 Eugene Key Apt. 256
Lake Thomasborough, WI 45340",moranamy@example.net,6619096099,2025-07-07 20:04:30
d66ee67f-8617-476f-8965-49c7ea8dbf61,Amy Green,male,PASSPORT,629026651079,1982-08-17,Turkmenistan,"02217 Odom Summit Suite 184
Curtistown, NE 89973",brian27@example.com,001-622-408-9241x3562,2025-07-11 10:19:59
f9b6a3dd-b7d9-4295-b961-f61e061dea05,Donna Russell,male,CCCD,193891718682,1955-01-24,Uganda,"357 Martin Station
Bernardfort, VI 05891",amartinez@example.org,(402)362-7201,2025-05-14 01:53:07
d50848cd-65da-41ae-968d-088b3ab44ef7,Michael Haas,female,PASSPORT,309406671894,1982-12-30,Sudan,"38782 Weaver Villages
New Kevinbury, IL 81196",chelsea20@example.net,(403)891-6594,2025-04-10 08:03:42
f968afb6-3fc1-41c0-9483-185055d67972,Gerald Miranda,female,PASSPORT,624260143888,1991-08-12,Qatar,"Unit 8824 Box 8241
DPO AE 80596",mary32@example.net,(843)570-3000,2025-03-05 17:01:18
b0073cea-1d5c-473f-ae3a-2c60b9365469,Melissa Rodriguez,female,PASSPORT,665925837666,1994-10-24,Brazil,"806 Jessica Throughway Suite 287
Port Andreatown, DE 95858",marissarivera@example.org,(560)395-5865x82139,2025-04-23 02:59:15
11e450e9-168e-43d1-933e-15d3f1dc60a3,Cathy Bowen,female,PASSPORT,415916536926,1994-02-11,Palau,"15922 Richard Circles
Port John, WI 73803",nicolelong@example.net,750-671-3966x7517,2025-01-27 06:49:59
125f0fb3-61cb-4c9a-a52d-9f5984d5892e,Kimberly Davis,male,CCCD,222099984827,1989-10-15,Faroe Islands,"845 Eduardo Coves Suite 611
New Tina, MN 82444",xgomez@example.org,998-955-7791x373,2025-05-03 22:03:07
7667e6be-00fb-48db-8b32-1346a6cedec1,Shawn Morse,female,CCCD,147862387937,1956-06-26,Latvia,"329 Rhonda Prairie
South Tiffany, AK 50169",ferickson@example.org,001-213-569-5166x47201,2025-07-08 09:29:39
9c54e020-4522-486b-aaa6-d9f245b0d8a4,Scott Stephens,male,PASSPORT,678618343494,1977-01-06,Montserrat,"22538 Brandi Islands Suite 777
Ashleyfurt, CO 62461",lindacross@example.net,+1-825-656-4096x6564,2025-01-27 13:36:10
7b62c660-61e6-42bb-b944-d779a7caeed8,Tyler Bauer,female,PASSPORT,658261424857,1955-11-29,Togo,"PSC 3619, Box 5696
APO AA 83363",atkinsonjeffrey@example.org,001-252-817-7815,2025-06-27 11:03:14
b0fed0f0-570b-43ee-8c55-a6df262ed16e,Brian Lambert,male,PASSPORT,50204306685,1998-08-15,Christmas Island,"8165 Diana Islands
West Natalie, HI 42725",derrickjames@example.org,684-448-3937,2025-02-23 08:04:24
106a947b-4136-4eec-80b0-07983ce6e85d,Joshua Gay,male,PASSPORT,290365267450,1963-12-07,Iraq,"010 Misty Mews
Erichaven, UT 74613",emily79@example.com,+1-985-221-8367,2025-03-27 10:02:27
880330f3-e1e9-47be-82c9-8256241fb73e,Michael Smith,female,CCCD,705079161963,1960-01-25,Guadeloupe,"USNS Gibson
FPO AE 51648",wilsoncole@example.com,+1-288-953-3903x7329,2025-02-28 10:17:21
1e348ea9-5d7c-40a2-ba78-9c3900636948,Wendy Mayer,male,PASSPORT,376695645162,1992-06-12,Albania,"6307 George Circle
New Daniel, MA 38519",bethgraham@example.net,001-306-368-1401x1537,2025-06-17 12:03:19
21608f0f-7fcd-488a-ad44-9ba46b1d0984,Chad Ferrell,female,CCCD,786242620407,1958-12-03,Suriname,"03062 Jamie Via Suite 878
Port Jasminehaven, VT 79638",kingwilliam@example.org,676-868-2936x18439,2025-05-22 20:52:11
04425acb-98bb-4b0a-8a5a-489bf349bd0f,Melinda Brown,female,CCCD,834585202071,1963-04-26,Trinidad and Tobago,"431 Nicholson Dale
West Amystad, VT 64313",xkim@example.com,001-939-501-1730x25735,2025-02-03 02:42:17
31e33cec-fb3c-4762-9d57-de0850beb0b2,Steve Adkins,male,CCCD,846209196774,1983-12-10,Martinique,"661 Kimberly Spur
Robertside, WY 27345",dawsonkaren@example.org,(383)990-2852x4183,2025-04-25 09:33:28
5b6ff590-452c-4208-ad75-4c6dfc574c6d,Kelly Smith,male,CCCD,880336649664,1971-07-09,Finland,"805 Jimenez Crossroad Suite 083
Weaverburgh, DE 71457",calvin33@example.org,001-560-518-5083x29760,2025-05-21 11:23:04
4faa53ad-3d61-414b-bb1b-7967974332c0,Christina Barber,female,PASSPORT,162337154253,2004-05-03,Swaziland,"USS Barrett
FPO AP 91386",khinton@example.com,(863)634-7416,2025-06-24 19:56:22
94acf1b0-befa-4e72-9706-f50e2b6a0e07,Brittney Perez,female,PASSPORT,58727729805,1997-08-23,Montenegro,"3860 Nelson Drive
Ronaldview, VA 87243",griffinsarah@example.com,3097112270,2025-06-01 15:42:08
40da033d-51e1-4ee9-aca4-1f92e2873d91,Erica Hernandez,female,CCCD,778561075939,1982-02-19,Saint Kitts and Nevis,"659 Miller Turnpike
North Laurenberg, OR 54676",julie50@example.org,756.226.1098,2025-02-17 03:03:09
72d62a89-4c47-469f-997f-ff7d8b529547,Mr. Jonathan Wilson MD,female,PASSPORT,591196606441,1981-10-05,Armenia,"620 Kimberly Turnpike
North Richard, FM 51851",dparker@example.net,+1-255-403-4134x68627,2025-06-16 16:23:23
219a68c1-eb28-4d15-8f8e-b9b65109b231,Alec Riddle,male,CCCD,395272439405,1970-02-22,Syrian Arab Republic,"742 Johnson Mountain Apt. 633
West Linda, HI 25369",xlarson@example.net,(235)463-6510x54001,2025-05-06 01:46:02
d3b1c2a8-5ab4-40bb-91d6-547ac52fef67,Joseph Ruiz,female,CCCD,326371880394,1961-08-07,United Arab Emirates,"9374 Jerome Dam
New John, RI 99554",leonjustin@example.org,+1-855-353-6458x9738,2025-05-13 00:37:20
fb649b73-be44-4931-8846-2ae23fc48a20,Denise Webb,male,CCCD,284925442392,2001-08-18,Guinea,"7625 Williams Lodge Apt. 406
Matthewfurt, IN 53850",danny48@example.net,421.880.4972,2025-05-08 02:31:36
e15fe142-128b-44ca-ad1d-7bf867bf3343,David Hill,female,CCCD,342200781352,1978-01-29,Mauritania,"046 Ann Plaza Apt. 321
North Deborahland, MA 71732",andreabrennan@example.net,899-282-9557x28150,2025-06-03 18:10:34
53e5dfdb-5bff-4de1-824f-52b457020fb6,Michael Williams,female,PASSPORT,839954216352,1966-03-07,Turkey,"1775 Richard Ridges
Campbellhaven, RI 12793",emily25@example.org,+1-658-561-7986x38139,2025-05-12 13:11:35
b74f1254-2fa7-4bec-9641-366e5ec00912,Allison Paul,male,CCCD,27678344031,1983-01-11,Guinea,"856 Kelley Skyway
Lake Angelicaland, NY 42336",jamesmartinez@example.com,2675591095,2025-05-05 21:59:54
a8f87057-c331-46ab-bf6d-21df3f8cf2da,Dennis Edwards,male,PASSPORT,713793345018,1968-11-12,Serbia,"45104 Rodriguez Village Suite 678
Teresastad, PR 32237",meghan37@example.com,+1-785-968-7191x241,2025-02-06 04:52:28
0b23b1ed-b78a-4972-b280-be9dbb6cd638,Brandon Lawson,female,PASSPORT,554703194956,1998-11-16,Mozambique,"90337 Smith Groves Suite 669
Lake Carolmouth, OR 63440",andrew27@example.com,+1-547-595-0743x22254,2025-03-26 21:53:32
eb2a91c3-30ab-44c0-98fd-d5b8a797de38,Erin Garcia,female,CCCD,864784059219,1974-12-24,Pitcairn Islands,"7817 Martin Brooks Apt. 257
Lewisville, IA 74850",daniellerobinson@example.com,(710)297-7623,2025-01-21 04:26:47
78d4e5c3-46b5-43ed-bc0d-9d606eb517b3,Carrie Hinton,male,CCCD,225623261665,2001-03-27,Cameroon,"1201 Ruiz Dale Suite 607
North Lindsayside, IN 55415",scott73@example.net,001-208-356-2283x17823,2025-03-03 14:34:52
1cf59964-2dc2-4272-8627-0687b71e4e76,Amber Martinez,female,CCCD,986199558562,1976-08-16,Guernsey,"86361 Angela Light
North Michaelfort, MO 96314",kingnathan@example.com,655.358.0725,2025-06-12 06:40:55
1487476c-85ab-4c51-99f9-a2b092c27676,Michelle Johnson,male,PASSPORT,80646839006,1974-01-06,Latvia,"6619 Berger Track
East Kimberlyside, DC 60827",smithrachel@example.com,(275)962-7644x324,2025-07-12 00:42:39
8cdb9727-da3c-4c1f-aba4-dc0ed2f44ee7,Megan Esparza,female,CCCD,207049309255,1980-08-06,Solomon Islands,"24244 Young Valleys
Sampsonchester, KY 13211",davistammy@example.org,(965)634-6590,2025-06-14 07:30:51
9ea4c993-0b90-4aa8-bc1a-8b04d1d26d14,Nicole Novak,female,CCCD,619000312037,1996-10-11,Cyprus,"29990 Hunt Mountain
Port Eric, MT 76908",ryanbentley@example.net,(541)884-2165x034,2025-04-28 07:59:29
e72e7ad7-7c0d-4bba-8fad-af835a800895,Kathleen Guerrero,male,CCCD,213079806106,1992-08-30,Luxembourg,"496 Norman Wall
Lake Jonathanton, WA 18280",wagnerdebra@example.org,924.846.3196x41941,2025-02-07 06:22:11
fd3b4962-b003-4b90-8d93-8bb7e6d67896,Gregory Clark,male,PASSPORT,343320362176,1991-07-03,Iraq,"29750 Kathryn Points Apt. 369
Powersland, HI 63641",mmartin@example.org,3257512221,2025-06-09 21:27:58
30bcf9b4-3d52-49cb-aca2-57e4eeaacf37,Julie Baker,male,CCCD,371491896205,2006-08-03,United States of America,"73908 Mullins Field
South Juan, MP 67059",jonathangreen@example.com,444-274-4979x586,2025-07-14 12:37:47
0add68e0-ee69-4e89-9c51-65023ba5f550,Austin Cruz,male,CCCD,509608432061,1981-01-31,Israel,"PSC 4410, Box 5794
APO AA 81795",ksims@example.net,641-637-5660,2025-06-24 02:17:32
85d153e6-f6fb-4883-b06a-37b19d9dd1fc,Derrick Johnson,female,PASSPORT,617508509294,1961-04-06,Jersey,"0155 Dylan Loaf
Carlosmouth, SD 40888",igarcia@example.org,(357)477-9653,2025-06-15 04:31:06
8f96c97d-bee6-475b-aee9-975349184190,Connor Brown,female,PASSPORT,230284263829,1994-07-10,Egypt,"99468 Kathy Union
West Stephenport, FM 53983",fjames@example.org,956.233.3215,2025-06-25 10:16:40
3895210b-c26c-4aa8-b3a7-5e80206d4c4a,Patricia Collins,female,PASSPORT,883620938375,1986-04-12,Jamaica,"PSC 5295, Box 4836
APO AA 36350",christopherjohnson@example.net,891-644-1942x70032,2025-04-14 03:42:34
5b7dfea4-9946-4ba6-84a7-2a19f5ad7f26,Mark Hernandez,male,CCCD,680082271719,2003-10-21,British Virgin Islands,"39831 Cox Landing
Joshuaborough, DE 89311",rosariobenjamin@example.net,918.379.6377x83604,2025-01-02 21:28:52
f2c68fe9-c1dd-4bc2-ae6e-729fb5f65d58,Robert Roth,female,CCCD,804619565322,1959-07-01,Andorra,"0981 Steven Roads
North Stephen, WI 27920",davisryan@example.org,+1-297-945-6610x506,2025-01-21 23:27:34
f5486c8d-f540-4fb3-82ef-87d3ce2d93ca,Brian Meyer,male,CCCD,422618172841,1983-10-02,Ethiopia,"93686 Jamie Walk Apt. 684
Lake Donald, OH 44589",sara60@example.com,(623)352-7329x32948,2025-03-30 12:32:37
2cb06581-af2b-4734-b010-81c89662dabd,Justin Jordan,male,CCCD,111875847191,1980-07-25,Saint Martin,"PSC 1667, Box 2980
APO AE 26249",kristinward@example.org,655.431.5493x8439,2025-07-01 23:56:44
8d8e907b-f48e-42a5-90ba-32a2ec814f54,Amy Peck,male,CCCD,913189361375,1973-07-07,Palau,"06769 Richard Summit
New Randy, AK 85359",gary55@example.net,261-441-9699,2025-01-21 04:51:25
4e4d866f-b13a-49d0-8355-5c862cdd2c05,Justin Walsh,male,CCCD,916863999551,1974-08-28,Spain,"2491 Paul Port
East Arthurburgh, MI 33918",jacksonroger@example.com,001-443-547-1130x226,2025-01-30 03:20:01
b6e18d37-d1b8-4446-a9c5-e6faea9e823f,Heather Nicholson,female,PASSPORT,496392077833,1987-11-14,Guatemala,"136 Robinson Plains
Michaelton, MN 66713",stewarttrevor@example.org,279.525.4158,2025-01-19 15:02:26
